paris,https://www.lonelyplanet.com/france/paris
london,https://www.lonelyplanet.com/england/london
new-york-city,https://www.lonelyplanet.com/usa/new-york-city
los-angeles,https://www.lonelyplanet.com/usa/los-angeles
rome,https://www.lonelyplanet.com/italy/rome
sydney,https://www.lonelyplanet.com/australia/sydney
tokyo,https://www.lonelyplanet.com/japan/tokyo
amsterdam,https://www.lonelyplanet.com/the-netherlands/amsterdam
cape-town,https://www.lonelyplanet.com/south-africa/cape-town
san-francisco,https://www.lonelyplanet.com/usa/san-francisco
hong-kong,https://www.lonelyplanet.com/china/hong-kong
berlin,https://www.lonelyplanet.com/germany/berlin
bangkok,https://www.lonelyplanet.com/thailand/bangkok
chicago,https://www.lonelyplanet.com/usa/chicago
shanghai,https://www.lonelyplanet.com/china/shanghai
barcelona,https://www.lonelyplanet.com/spain/barcelona
melbourne,https://www.lonelyplanet.com/australia/melbourne
rio-de-janeiro,https://www.lonelyplanet.com/brazil/rio-de-janeiro
vancouver,https://www.lonelyplanet.com/canada/vancouver
st-petersburg,https://www.lonelyplanet.com/russia/st-petersburg
beijing,https://www.lonelyplanet.com/china/beijing
budapest,https://www.lonelyplanet.com/hungary/budapest
seattle,https://www.lonelyplanet.com/usa/seattle
venice,https://www.lonelyplanet.com/italy/venice
vienna,https://www.lonelyplanet.com/austria/vienna
dublin,https://www.lonelyplanet.com/ireland/dublin
madrid,https://www.lonelyplanet.com/spain/madrid
lisbon,https://www.lonelyplanet.com/portugal/lisbon
prague,https://www.lonelyplanet.com/czech-republic/prague
seoul,https://www.lonelyplanet.com/south-korea/seoul
new-orleans,https://www.lonelyplanet.com/usa/new-orleans
washington-dc,https://www.lonelyplanet.com/usa/washington-dc
havana,https://www.lonelyplanet.com/cuba/havana
boston,https://www.lonelyplanet.com/usa/boston
moscow,https://www.lonelyplanet.com/russia/moscow
dubai,https://www.lonelyplanet.com/united-arab-emirates/dubai
kuala-lumpur,https://www.lonelyplanet.com/malaysia/kuala-lumpur
istanbul,https://www.lonelyplanet.com/turkey/istanbul
montreal,https://www.lonelyplanet.com/canada/montreal
buenos-aires,https://www.lonelyplanet.com/argentina/buenos-aires
athens,https://www.lonelyplanet.com/greece/athens
miami,https://www.lonelyplanet.com/usa/miami
mexico-city,https://www.lonelyplanet.com/mexico/mexico-city
las-vegas,https://www.lonelyplanet.com/usa/las-vegas
delhi,https://www.lonelyplanet.com/india/delhi
philadelphia,https://www.lonelyplanet.com/usa/pennsylvania/philadelphia
milan,https://www.lonelyplanet.com/italy/milan
florence,https://www.lonelyplanet.com/italy/florence
warsaw,https://www.lonelyplanet.com/poland/warsaw
edinburgh,https://www.lonelyplanet.com/scotland/edinburgh
copenhagen,https://www.lonelyplanet.com/denmark/copenhagen
san-diego,https://www.lonelyplanet.com/usa/san-diego
krakow,https://www.lonelyplanet.com/poland/malopolska/krakow
taipei,https://www.lonelyplanet.com/taiwan/taipei
kyoto,https://www.lonelyplanet.com/japan/kansai/kyoto
brussels,https://www.lonelyplanet.com/belgium/brussels
reykjavik,https://www.lonelyplanet.com/iceland/reykjavik
porto,https://www.lonelyplanet.com/portugal/the-north/porto
cairo,https://www.lonelyplanet.com/egypt/cairo
brisbane-1336826,https://www.lonelyplanet.com/australia/queensland/brisbane-1336826
toronto,https://www.lonelyplanet.com/canada/toronto
phnom-penh,https://www.lonelyplanet.com/cambodia/phnom-penh
manila,https://www.lonelyplanet.com/philippines/manila
chiang-mai,https://www.lonelyplanet.com/thailand/chiang-mai-province/chiang-mai
yangon-rangoon,https://www.lonelyplanet.com/myanmar-burma/yangon-rangoon
lima,https://www.lonelyplanet.com/peru/lima
perth,https://www.lonelyplanet.com/australia/western-australia/perth
abu-dhabi,https://www.lonelyplanet.com/united-arab-emirates/abu-dhabi
mumbai-bombay,https://www.lonelyplanet.com/india/mumbai-bombay
auckland-1341384,https://www.lonelyplanet.com/new-zealand/auckland-1341384
jerusalem,https://www.lonelyplanet.com/israel-and-the-palestinian-territories/jerusalem
naples,https://www.lonelyplanet.com/italy/campania/naples
hobart,https://www.lonelyplanet.com/australia/tasmania/hobart
ho-chi-minh-city,https://www.lonelyplanet.com/vietnam/ho-chi-minh-city
valencia,https://www.lonelyplanet.com/spain/valencia-and-murcia/valencia
nashville,https://www.lonelyplanet.com/usa/nashville
helsinki,https://www.lonelyplanet.com/finland/helsinki
kolkata-calcutta,https://www.lonelyplanet.com/india/kolkata-calcutta
munich,https://www.lonelyplanet.com/germany/munich
stockholm,https://www.lonelyplanet.com/sweden/stockholm
kathmandu,https://www.lonelyplanet.com/nepal/kathmandu
marrakesh,https://www.lonelyplanet.com/morocco/marrakesh
portland,https://www.lonelyplanet.com/usa/pacific-northwest/portland
johannesburg,https://www.lonelyplanet.com/south-africa/gauteng/johannesburg
quebec-city,https://www.lonelyplanet.com/canada/quebec-city
quito,https://www.lonelyplanet.com/ecuador/quito
honolulu-and-waikiki,https://www.lonelyplanet.com/usa/honolulu-and-waikiki
bogota,https://www.lonelyplanet.com/colombia/bogota
jakarta,https://www.lonelyplanet.com/indonesia/jakarta
tel-aviv,https://www.lonelyplanet.com/israel-and-the-palestinian-territories/mediterranean-coast/tel-aviv
adelaide,https://www.lonelyplanet.com/australia/south-australia/adelaide
san-jose,https://www.lonelyplanet.com/costa-rica/san-jose
oslo,https://www.lonelyplanet.com/norway/oslo
glasgow,https://www.lonelyplanet.com/scotland/glasgow
ljubljana,https://www.lonelyplanet.com/slovenia/ljubljana
san-juan,https://www.lonelyplanet.com/puerto-rico/san-juan
hamburg,https://www.lonelyplanet.com/germany/hamburg
belfast,https://www.lonelyplanet.com/ireland/northern-ireland/belfast
santiago,https://www.lonelyplanet.com/chile/santiago
ulaanbaatar,https://www.lonelyplanet.com/mongolia/ulaanbaatar
sao-paulo,https://www.lonelyplanet.com/brazil/sao-paulo
kyiv,https://www.lonelyplanet.com/ukraine/kyiv
vilnius,https://www.lonelyplanet.com/lithuania/vilnius
vientiane,https://www.lonelyplanet.com/laos/vientiane
nairobi,https://www.lonelyplanet.com/kenya/nairobi
georgetown,https://www.lonelyplanet.com/malaysia/peninsular-malaysia-west-coast/georgetown
hanoi,https://www.lonelyplanet.com/vietnam/hanoi
cuzco,https://www.lonelyplanet.com/peru/cuzco
tallinn,https://www.lonelyplanet.com/estonia/tallinn
siem-reap,https://www.lonelyplanet.com/cambodia/siem-reap
macau,https://www.lonelyplanet.com/china/macau
zagreb,https://www.lonelyplanet.com/croatia/zagreb
denver,https://www.lonelyplanet.com/usa/rocky-mountains/denver
santo-domingo,https://www.lonelyplanet.com/dominican-republic/santo-domingo
atlanta,https://www.lonelyplanet.com/usa/the-south/atlanta
bishkek,https://www.lonelyplanet.com/kyrgyzstan/bishkek
la-paz,https://www.lonelyplanet.com/bolivia/la-paz
tunis,https://www.lonelyplanet.com/tunisia/tunis
austin,https://www.lonelyplanet.com/usa/austin
caracas,https://www.lonelyplanet.com/venezuela/caracas
luang-prabang,https://www.lonelyplanet.com/laos/northern-laos/luang-prabang
baku-baki,https://www.lonelyplanet.com/azerbaijan/baku-baki
waikiki,https://www.lonelyplanet.com/usa/hawaii/waikiki
canberra,https://www.lonelyplanet.com/australia/australian-capital-territory/canberra
ubud,https://www.lonelyplanet.com/indonesia/bali/ubud
dubrovnik,https://www.lonelyplanet.com/croatia/dubrovnik
cairns,https://www.lonelyplanet.com/australia/queensland/cairns
sofia,https://www.lonelyplanet.com/bulgaria/sofia
bordeaux,https://www.lonelyplanet.com/france/southwestern-france/bordeaux
belgrade,https://www.lonelyplanet.com/serbia/belgrade
tehran,https://www.lonelyplanet.com/iran/tehran
thimphu,https://www.lonelyplanet.com/bhutan/thimphu
panama-city,https://www.lonelyplanet.com/panama/panama-city
lhasa,https://www.lonelyplanet.com/china/tibet/lhasa
dhaka,https://www.lonelyplanet.com/bangladesh/dhaka
osaka,https://www.lonelyplanet.com/japan/kansai/osaka
addis-ababa,https://www.lonelyplanet.com/ethiopia/addis-ababa
riga,https://www.lonelyplanet.com/latvia/riga
zurich,https://www.lonelyplanet.com/switzerland/zurich
queenstown,https://www.lonelyplanet.com/new-zealand/queenstown-and-wanaka/queenstown
palma-de-mallorca,https://www.lonelyplanet.com/spain/palma-de-mallorca
seville,https://www.lonelyplanet.com/spain/seville
salzburg,https://www.lonelyplanet.com/austria/salzburg
kingston,https://www.lonelyplanet.com/jamaica/kingston
rotterdam,https://www.lonelyplanet.com/the-netherlands/rotterdam
oaxaca,https://www.lonelyplanet.com/mexico/oaxaca-state/oaxaca
bucharest,https://www.lonelyplanet.com/romania/bucharest
dar-es-salaam,https://www.lonelyplanet.com/tanzania/dar-es-salaam
lyon,https://www.lonelyplanet.com/france/burgundy-and-the-rhone/lyon
amman,https://www.lonelyplanet.com/jordan/amman
cardiff-caerdydd,https://www.lonelyplanet.com/wales/cardiff-caerdydd
mandalay,https://www.lonelyplanet.com/myanmar-burma/mandalay
darwin,https://www.lonelyplanet.com/australia/northern-territory/darwin
beirut,https://www.lonelyplanet.com/lebanon/beirut
dallas,https://www.lonelyplanet.com/usa/texas/dallas
kampala,https://www.lonelyplanet.com/uganda/kampala
anchorage,https://www.lonelyplanet.com/usa/alaska/anchorage
wellington,https://www.lonelyplanet.com/new-zealand/wellington
san-antonio,https://www.lonelyplanet.com/usa/texas/san-antonio
nice,https://www.lonelyplanet.com/france/nice
lahore,https://www.lonelyplanet.com/pakistan/punjab/lahore
houston,https://www.lonelyplanet.com/usa/texas/houston
chennai-madras,https://www.lonelyplanet.com/india/tamil-nadu/chennai-madras
antwerp,https://www.lonelyplanet.com/belgium/flanders/antwerp
hilo,https://www.lonelyplanet.com/usa/hawaii/hilo
lefkosia-south-nicosia,https://www.lonelyplanet.com/cyprus/the-republic-of-cyprus/lefkosia-south-nicosia
marseille,https://www.lonelyplanet.com/france/provence/marseille
bengaluru-bangalore,https://www.lonelyplanet.com/india/bengaluru-bangalore
paris,https://www.lonelyplanet.com/france/paris
london,https://www.lonelyplanet.com/england/london
new-york-city,https://www.lonelyplanet.com/usa/new-york-city
los-angeles,https://www.lonelyplanet.com/usa/los-angeles
rome,https://www.lonelyplanet.com/italy/rome
sydney,https://www.lonelyplanet.com/australia/sydney
tokyo,https://www.lonelyplanet.com/japan/tokyo
amsterdam,https://www.lonelyplanet.com/the-netherlands/amsterdam
cape-town,https://www.lonelyplanet.com/south-africa/cape-town
san-francisco,https://www.lonelyplanet.com/usa/san-francisco
hong-kong,https://www.lonelyplanet.com/china/hong-kong
berlin,https://www.lonelyplanet.com/germany/berlin
anchorage,https://www.lonelyplanet.com/usa/alaska/anchorage
wellington,https://www.lonelyplanet.com/new-zealand/wellington
san-antonio,https://www.lonelyplanet.com/usa/texas/san-antonio
nice,https://www.lonelyplanet.com/france/nice
lahore,https://www.lonelyplanet.com/pakistan/punjab/lahore
houston,https://www.lonelyplanet.com/usa/texas/houston
chennai-madras,https://www.lonelyplanet.com/india/tamil-nadu/chennai-madras
antwerp,https://www.lonelyplanet.com/belgium/flanders/antwerp
hilo,https://www.lonelyplanet.com/usa/hawaii/hilo
lefkosia-south-nicosia,https://www.lonelyplanet.com/cyprus/the-republic-of-cyprus/lefkosia-south-nicosia
marseille,https://www.lonelyplanet.com/france/provence/marseille
bengaluru-bangalore,https://www.lonelyplanet.com/india/bengaluru-bangalore
santa-fe,https://www.lonelyplanet.com/usa/santa-fe
tbilisi,https://www.lonelyplanet.com/georgia/tbilisi
kuching,https://www.lonelyplanet.com/malaysia/malaysian-borneo-sarawak/kuching
santiago-de-cuba,https://www.lonelyplanet.com/cuba/eastern-cuba/santiago-de-cuba
oxford,https://www.lonelyplanet.com/england/oxfordshire/oxford
hyderabad-and-secunderabad,https://www.lonelyplanet.com/india/andhra-pradesh/hyderabad-and-secunderabad
fes,https://www.lonelyplanet.com/morocco/the-mediterranean-coast-and-the-rif/fes
melaka-city,https://www.lonelyplanet.com/malaysia/melaka-city
zanzibar-unguja,https://www.lonelyplanet.com/tanzania/zanzibar-archipelago/zanzibar-unguja
split,https://www.lonelyplanet.com/croatia/dalmatia/split
bruges,https://www.lonelyplanet.com/belgium/flanders/bruges
luxor,https://www.lonelyplanet.com/egypt/nile-valley/luxor
lviv,https://www.lonelyplanet.com/ukraine/western-ukraine/lviv
cancun,https://www.lonelyplanet.com/mexico/cancun
san-sebastian,https://www.lonelyplanet.com/spain/aragon-basque-country-and-navarra/san-sebastian
palermo,https://www.lonelyplanet.com/italy/sicily/palermo
doha,https://www.lonelyplanet.com/qatar/doha
guadalajara,https://www.lonelyplanet.com/mexico/western-central-highlands/guadalajara
medellin,https://www.lonelyplanet.com/colombia/northwest-colombia/medellin
christchurch,https://www.lonelyplanet.com/new-zealand/christchurch-and-canterbury/christchurch
granada,https://www.lonelyplanet.com/spain/granada
antigua,https://www.lonelyplanet.com/guatemala/antigua
charleston,https://www.lonelyplanet.com/usa/the-south/charleston
guatemala-city,https://www.lonelyplanet.com/guatemala/guatemala-city
phoenix,https://www.lonelyplanet.com/usa/southwest/phoenix
moab,https://www.lonelyplanet.com/usa/southwest/moab
byron-bay,https://www.lonelyplanet.com/australia/new-south-wales/byron-bay
durban,https://www.lonelyplanet.com/south-africa/kwazulu-natal/durban
arequipa,https://www.lonelyplanet.com/peru/arequipa-and-canyon-country/arequipa
boulder,https://www.lonelyplanet.com/usa/rocky-mountains/boulder
thessaloniki,https://www.lonelyplanet.com/greece/northern-greece/thessaloniki
managua,https://www.lonelyplanet.com/nicaragua/managua
jaipur,https://www.lonelyplanet.com/india/rajasthan/jaipur
maputo,https://www.lonelyplanet.com/mozambique/maputo
suva,https://www.lonelyplanet.com/fiji/viti-levu/suva
frankfurt-am-main,https://www.lonelyplanet.com/germany/frankfurt-am-main
port-moresby,https://www.lonelyplanet.com/papua-new-guinea/port-moresby
negril,https://www.lonelyplanet.com/jamaica/negril-and-the-west/negril
pokhara,https://www.lonelyplanet.com/nepal/pokhara
launceston,https://www.lonelyplanet.com/australia/tasmania/launceston
guayaquil,https://www.lonelyplanet.com/ecuador/pacific-coast-and-lowlands/guayaquil
turin,https://www.lonelyplanet.com/italy/liguria-piedmont-and-valle-daosta/turin
bilbao,https://www.lonelyplanet.com/spain/aragon-basque-country-and-navarra/bilbao
leh,https://www.lonelyplanet.com/india/jammu-and-kashmir/leh
funchal,https://www.lonelyplanet.com/portugal/funchal
salt-lake-city,https://www.lonelyplanet.com/usa/southwest/salt-lake-city
almaty,https://www.lonelyplanet.com/kazakhstan/almaty
montevideo,https://www.lonelyplanet.com/uruguay/montevideo
geneva,https://www.lonelyplanet.com/switzerland/geneva
kochi-cochin,https://www.lonelyplanet.com/india/kerala/kochi-cochin
hoi-an,https://www.lonelyplanet.com/vietnam/central-vietnam/hoi-an
san-cristobal-de-las-casas,https://www.lonelyplanet.com/mexico/tabasco-and-chiapas/san-cristobal-de-las-casas
bologna,https://www.lonelyplanet.com/italy/emilia-romagna-and-san-marino/bologna
corfu-town,https://www.lonelyplanet.com/greece/corfu-town
rhodes-town,https://www.lonelyplanet.com/greece/dodecanese/rhodes-town
kailua-kona,https://www.lonelyplanet.com/usa/hawaii/kailua-kona
cork-city,https://www.lonelyplanet.com/ireland/county-cork/cork-city
sarajevo,https://www.lonelyplanet.com/bosnia-and-hercegovina/sarajevo
bergen,https://www.lonelyplanet.com/norway/bergen-and-the-western-fjords/bergen
puerto-vallarta,https://www.lonelyplanet.com/mexico/puerto-vallarta
minsk,https://www.lonelyplanet.com/belarus/minsk
santa-barbara,https://www.lonelyplanet.com/usa/california/santa-barbara
alice-springs,https://www.lonelyplanet.com/australia/northern-territory/alice-springs
anaheim,https://www.lonelyplanet.com/usa/california/anaheim
tashkent,https://www.lonelyplanet.com/uzbekistan/tashkent
goteborg,https://www.lonelyplanet.com/sweden/gotaland/goteborg
merida,https://www.lonelyplanet.com/mexico/yucatan-peninsula/merida
cebu-city,https://www.lonelyplanet.com/philippines/the-visayas/cebu-city
kota-kinabalu,https://www.lonelyplanet.com/malaysia/malaysian-borneo-sabah/kota-kinabalu
yerevan,https://www.lonelyplanet.com/armenia/yerevan
port-of-spain,https://www.lonelyplanet.com/trinidad-tobago/port-of-spain
arusha,https://www.lonelyplanet.com/tanzania/northern-tanzania/arusha
accra,https://www.lonelyplanet.com/ghana/accra
lahaina,https://www.lonelyplanet.com/usa/hawaii/lahaina
valletta,https://www.lonelyplanet.com/malta/valletta
lilongwe,https://www.lonelyplanet.com/malawi/lilongwe
yogyakarta,https://www.lonelyplanet.com/indonesia/java/yogyakarta
harare,https://www.lonelyplanet.com/zimbabwe/harare
st-johns,https://www.lonelyplanet.com/canada/newfoundland-and-labrador/st-johns
cagliari,https://www.lonelyplanet.com/italy/sardinia/cagliari
juneau,https://www.lonelyplanet.com/usa/alaska/juneau
muscat,https://www.lonelyplanet.com/oman/muscat
galway-city,https://www.lonelyplanet.com/ireland/county-galway/galway-city
sihanoukville,https://www.lonelyplanet.com/cambodia/south-coast/sihanoukville
genoa,https://www.lonelyplanet.com/italy/liguria-piedmont-and-valle-daosta/genoa
banff-town,https://www.lonelyplanet.com/canada/alberta/banff-town
antananarivo,https://www.lonelyplanet.com/madagascar/antananarivo
montego-bay,https://www.lonelyplanet.com/jamaica/montego-bay
key-west,https://www.lonelyplanet.com/usa/florida/key-west
lusaka,https://www.lonelyplanet.com/zambia/lusaka
salvador,https://www.lonelyplanet.com/brazil/the-northeast/salvador
halifax,https://www.lonelyplanet.com/canada/nova-scotia/halifax
portland,https://www.lonelyplanet.com/usa/new-england/portland
taupo,https://www.lonelyplanet.com/new-zealand/taupo-and-the-central-plateau/taupo
hanover,https://www.lonelyplanet.com/germany/lower-saxony/hanover
siena,https://www.lonelyplanet.com/italy/tuscany/siena
victoria,https://www.lonelyplanet.com/canada/british-columbia/victoria
kaliningrad,https://www.lonelyplanet.com/russia/western-european-russia/kaliningrad
kuwait-city,https://www.lonelyplanet.com/kuwait/kuwait-city
hania,https://www.lonelyplanet.com/greece/crete/hania
jackson,https://www.lonelyplanet.com/usa/rocky-mountains/jackson
savannah,https://www.lonelyplanet.com/usa/the-south/savannah
dakar,https://www.lonelyplanet.com/senegal/dakar
plovdiv,https://www.lonelyplanet.com/bulgaria/plovdiv-and-rodopi-mountains/plovdiv
cartagena,https://www.lonelyplanet.com/colombia/caribbean-coast/cartagena
gdansk,https://www.lonelyplanet.com/poland/pomerania/gdansk
alexandria,https://www.lonelyplanet.com/egypt/mediterranean-coast/alexandria
belize-city,https://www.lonelyplanet.com/belize/belize-city
kaohsiung-city,https://www.lonelyplanet.com/taiwan/southern-taiwan/kaohsiung-city
bratislava,https://www.lonelyplanet.com/slovakia/bratislava
dharamsala,https://www.lonelyplanet.com/india/dharamsala
varadero,https://www.lonelyplanet.com/cuba/varadero
karachi,https://www.lonelyplanet.com/pakistan/sindh/karachi
nha-trang,https://www.lonelyplanet.com/vietnam/south-central-coast/nha-trang
windhoek,https://www.lonelyplanet.com/namibia/windhoek
tangier,https://www.lonelyplanet.com/morocco/the-mediterranean-coast-and-the-rif/tangier
malaga,https://www.lonelyplanet.com/spain/andalucia/malaga
chisinau,https://www.lonelyplanet.com/moldova/chisinau
catania,https://www.lonelyplanet.com/italy/sicily/catania
manchester,https://www.lonelyplanet.com/england/northwest-england/manchester
broome,https://www.lonelyplanet.com/australia/western-australia/broome
aspen,https://www.lonelyplanet.com/usa/rocky-mountains/aspen
aarhus,https://www.lonelyplanet.com/denmark/aarhus
dushanbe,https://www.lonelyplanet.com/tajikistan/dushanbe
san-salvador,https://www.lonelyplanet.com/el-salvador/san-salvador
fukuoka,https://www.lonelyplanet.com/japan/kyushu/fukuoka
po-ipu,https://www.lonelyplanet.com/usa/hawaii/po-ipu
chengdu,https://www.lonelyplanet.com/china/sichuan/chengdu
suzhou,https://www.lonelyplanet.com/china/jiangsu/suzhou
cochabamba,https://www.lonelyplanet.com/bolivia/the-southwest/cochabamba
albuquerque,https://www.lonelyplanet.com/usa/southwest/albuquerque
winnipeg,https://www.lonelyplanet.com/canada/manitoba/winnipeg
calgary,https://www.lonelyplanet.com/canada/alberta/calgary
graz,https://www.lonelyplanet.com/austria/the-south/graz
pittsburgh,https://www.lonelyplanet.com/usa/pennsylvania/pittsburgh
sucre,https://www.lonelyplanet.com/bolivia/the-southwest/sucre
kuta-legian,https://www.lonelyplanet.com/indonesia/kuta-legian
dunedin,https://www.lonelyplanet.com/new-zealand/dunedin-and-otago/dunedin
ghent,https://www.lonelyplanet.com/belgium/flanders/ghent
phuket-town,https://www.lonelyplanet.com/thailand/andaman-coast/phuket-town
port-vila,https://www.lonelyplanet.com/vanuatu/efate/port-vila
battambang,https://www.lonelyplanet.com/cambodia/northwestern-cambodia/battambang
izmir,https://www.lonelyplanet.com/turkey/aegean-coast/izmir
ankara,https://www.lonelyplanet.com/turkey/central-anatolia/ankara
syracuse,https://www.lonelyplanet.com/italy/sicily/syracuse
kigali,https://www.lonelyplanet.com/rwanda/kigali
cuenca,https://www.lonelyplanet.com/ecuador/the-southern-highlands/cuenca
leon,https://www.lonelyplanet.com/nicaragua/leon-and-northwestern-nicaragua/leon
alghero,https://www.lonelyplanet.com/italy/sardinia/alghero
udaipur,https://www.lonelyplanet.com/india/rajasthan/udaipur
lihu-e,https://www.lonelyplanet.com/usa/hawaii/lihu-e
port-au-prince,https://www.lonelyplanet.com/haiti/port-au-prince
rotorua,https://www.lonelyplanet.com/new-zealand/rotorua-and-the-bay-of-plenty/rotorua
guangzhou,https://www.lonelyplanet.com/china/guangdong/guangzhou
poznan,https://www.lonelyplanet.com/poland/wielkopolska/poznan
busan,https://www.lonelyplanet.com/south-korea/gyeongsangnam-do/busan
mazatlan,https://www.lonelyplanet.com/mexico/central-pacific-coast/mazatlan
evora,https://www.lonelyplanet.com/portugal/central-portugal/evora
tainan-city,https://www.lonelyplanet.com/taiwan/southern-taiwan/tainan-city
oakland,https://www.lonelyplanet.com/usa/california/oakland
strasbourg,https://www.lonelyplanet.com/france/alsace-and-lorraine/strasbourg
new-plymouth,https://www.lonelyplanet.com/new-zealand/taranaki/new-plymouth
salta,https://www.lonelyplanet.com/argentina/northwest-argentina/salta
matera,https://www.lonelyplanet.com/italy/basilicata/matera
granada,https://www.lonelyplanet.com/nicaragua/granada-and-the-masaya-region/granada
hanalei,https://www.lonelyplanet.com/usa/hawaii/hanalei
ayuthaya,https://www.lonelyplanet.com/thailand/ayuthaya-province/ayuthaya
quetzaltenango-xela,https://www.lonelyplanet.com/guatemala/western-highlands/quetzaltenango-xela
darjeeling,https://www.lonelyplanet.com/india/west-bengal/darjeeling
ushuaia,https://www.lonelyplanet.com/argentina/tierra-del-fuego/ushuaia
brasilia,https://www.lonelyplanet.com/brazil/the-central-west/brasilia
swakopmund,https://www.lonelyplanet.com/namibia/western-namibia/swakopmund
camaguey,https://www.lonelyplanet.com/cuba/camaguey
manama,https://www.lonelyplanet.com/bahrain/manama
tucson,https://www.lonelyplanet.com/usa/southwest/tucson
vang-vieng,https://www.lonelyplanet.com/laos/northern-laos/vang-vieng
malmo,https://www.lonelyplanet.com/sweden/skane/malmo
trieste,https://www.lonelyplanet.com/italy/friuli-venezia-giulia/trieste
perugia,https://www.lonelyplanet.com/italy/umbria-and-le-marche/perugia
memphis,https://www.lonelyplanet.com/usa/memphis
pretoria,https://www.lonelyplanet.com/south-africa/gauteng/pretoria
san-miguel-de-allende,https://www.lonelyplanet.com/mexico/northern-central-highlands/san-miguel-de-allende
odesa,https://www.lonelyplanet.com/ukraine/odesa
santa-cruz,https://www.lonelyplanet.com/bolivia/the-southeast/santa-cruz
hue,https://www.lonelyplanet.com/vietnam/central-vietnam/hue
tabriz,https://www.lonelyplanet.com/iran/western-iran/tabriz
mendoza,https://www.lonelyplanet.com/argentina/central-argentina/mendoza
freetown,https://www.lonelyplanet.com/sierra-leone/freetown
nadi,https://www.lonelyplanet.com/fiji/viti-levu/nadi
south-lake-tahoe-and-stateline,https://www.lonelyplanet.com/usa/california/south-lake-tahoe-and-stateline
fort-worth,https://www.lonelyplanet.com/usa/texas/fort-worth
cordoba,https://www.lonelyplanet.com/spain/andalucia/cordoba
wroclaw,https://www.lonelyplanet.com/poland/silesia/wroclaw
noumea,https://www.lonelyplanet.com/new-caledonia/noumea
wanaka,https://www.lonelyplanet.com/new-zealand/queenstown-and-wanaka/wanaka
panaji-panjim,https://www.lonelyplanet.com/india/goa/panaji-panjim
palenque,https://www.lonelyplanet.com/mexico/tabasco-and-chiapas/palenque
hangzhou,https://www.lonelyplanet.com/china/zhejiang/hangzhou
santiago-de-compostela,https://www.lonelyplanet.com/spain/cantabria-asturias-and-galicia/santiago-de-compostela
valparaiso,https://www.lonelyplanet.com/chile/valparaiso
cienfuegos,https://www.lonelyplanet.com/cuba/cienfuegos
apia,https://www.lonelyplanet.com/samoa/apia
innsbruck,https://www.lonelyplanet.com/austria/tirol/innsbruck
kaunas,https://www.lonelyplanet.com/lithuania/central-lithuania/kaunas
astana,https://www.lonelyplanet.com/kazakhstan/northern-kazakhstan/astana
dresden,https://www.lonelyplanet.com/germany/saxony/dresden
bandar-seri-begawan,https://www.lonelyplanet.com/brunei-darussalam/bandar-seri-begawan
patan,https://www.lonelyplanet.com/nepal/around-the-kathmandu-valley/patan
el-paso,https://www.lonelyplanet.com/usa/texas/el-paso
bukhara,https://www.lonelyplanet.com/uzbekistan/central-uzbekistan/bukhara
verona,https://www.lonelyplanet.com/italy/the-veneto/verona
manaus,https://www.lonelyplanet.com/brazil/the-north/manaus
avignon,https://www.lonelyplanet.com/france/provence/avignon
tartu,https://www.lonelyplanet.com/estonia/southeastern-estonia/tartu
homer,https://www.lonelyplanet.com/usa/alaska/homer
bursa,https://www.lonelyplanet.com/turkey/bursa
varanasi,https://www.lonelyplanet.com/india/uttar-pradesh/varanasi
galle,https://www.lonelyplanet.com/sri-lanka/the-south/galle
chiang-rai,https://www.lonelyplanet.com/thailand/chiang-rai-province/chiang-rai
port-douglas,https://www.lonelyplanet.com/australia/queensland/port-douglas
kandy,https://www.lonelyplanet.com/sri-lanka/the-hill-country/kandy
huaraz,https://www.lonelyplanet.com/peru/huaraz-and-the-cordilleras/huaraz
berkeley,https://www.lonelyplanet.com/usa/california/berkeley
sorrento,https://www.lonelyplanet.com/italy/campania/sorrento
blantyre,https://www.lonelyplanet.com/malawi/southern-malawi/blantyre
cordoba,https://www.lonelyplanet.com/argentina/northwest-argentina/cordoba
coimbra,https://www.lonelyplanet.com/portugal/central-portugal/coimbra
akureyri,https://www.lonelyplanet.com/iceland/the-north/akureyri
kabul,https://www.lonelyplanet.com/afghanistan/kabul
cabarete,https://www.lonelyplanet.com/dominican-republic/north-coast/cabarete
las-palmas-de-gran-canaria,https://www.lonelyplanet.com/canary-islands/gran-canaria/las-palmas-de-gran-canaria
tirana,https://www.lonelyplanet.com/albania/tirana
iraklio,https://www.lonelyplanet.com/greece/crete/iraklio
khartoum,https://www.lonelyplanet.com/sudan/khartoum
holguin,https://www.lonelyplanet.com/cuba/holguin
baltimore,https://www.lonelyplanet.com/usa/maryland/baltimore
la-fortuna-and-around,https://www.lonelyplanet.com/costa-rica/northwestern-costa-rica/la-fortuna-and-around
qingdao,https://www.lonelyplanet.com/china/shandong/qingdao
santa-cruz-de-tenerife,https://www.lonelyplanet.com/canary-islands/tenerife/santa-cruz-de-tenerife
flagstaff,https://www.lonelyplanet.com/usa/southwest/flagstaff
cambridge,https://www.lonelyplanet.com/england/eastern-england/cambridge
cali,https://www.lonelyplanet.com/colombia/southwest-colombia/cali
trinidad,https://www.lonelyplanet.com/cuba/central-cuba/trinidad
iquitos,https://www.lonelyplanet.com/peru/amazon-basin/iquitos
pai,https://www.lonelyplanet.com/thailand/mae-hong-son-province/pai
ocho-rios,https://www.lonelyplanet.com/jamaica/northern-jamaica/ocho-rios
aswan,https://www.lonelyplanet.com/egypt/nile-valley/aswan
rethymno,https://www.lonelyplanet.com/greece/rethymno
djibouti-city,https://www.lonelyplanet.com/djibouti/djibouti-city
nagoya,https://www.lonelyplanet.com/japan/central-honshu/nagoya
trujillo,https://www.lonelyplanet.com/peru/north-coast/trujillo
punta-arenas,https://www.lonelyplanet.com/chile/southern-patagonia/punta-arenas
goreme,https://www.lonelyplanet.com/turkey/cappadocia-kapadokya/goreme
utrecht-city,https://www.lonelyplanet.com/the-netherlands/the-randstad/utrecht-city
nagasaki,https://www.lonelyplanet.com/japan/kyushu/nagasaki
tarija,https://www.lonelyplanet.com/bolivia/the-southwest/tarija
santa-cruz,https://www.lonelyplanet.com/usa/california/santa-cruz
mysore,https://www.lonelyplanet.com/india/karnataka/mysore
merida,https://www.lonelyplanet.com/venezuela/merida
seward,https://www.lonelyplanet.com/usa/alaska/seward
napier,https://www.lonelyplanet.com/new-zealand/the-east-coast/napier
hora-mykonos,https://www.lonelyplanet.com/greece/hora-mykonos
vail,https://www.lonelyplanet.com/usa/rocky-mountains/vail
newport,https://www.lonelyplanet.com/usa/new-england/newport
esfahan,https://www.lonelyplanet.com/iran/central-iran/esfahan
fira,https://www.lonelyplanet.com/greece/fira
agra,https://www.lonelyplanet.com/india/uttar-pradesh/agra
abidjan,https://www.lonelyplanet.com/cote-divoire/abidjan
acapulco,https://www.lonelyplanet.com/mexico/central-pacific-coast/acapulco
kinshasa,https://www.lonelyplanet.com/democratic-republic-of-congo/kinshasa
irkutsk,https://www.lonelyplanet.com/russia/siberia/irkutsk
basel,https://www.lonelyplanet.com/switzerland/northern-switzerland/basel
el-nido,https://www.lonelyplanet.com/philippines/palawan/el-nido
luxembourg-city,https://www.lonelyplanet.com/luxembourg/luxembourg-city
haifa,https://www.lonelyplanet.com/israel-and-the-palestinian-territories/mediterranean-coast/haifa
liege,https://www.lonelyplanet.com/belgium/wallonia/liege
odense,https://www.lonelyplanet.com/denmark/funen/odense
kampot,https://www.lonelyplanet.com/cambodia/south-coast/kampot
asmara,https://www.lonelyplanet.com/eritrea/asmara
edmonton,https://www.lonelyplanet.com/canada/alberta/edmonton
seminyak,https://www.lonelyplanet.com/indonesia/seminyak
puerto-galera,https://www.lonelyplanet.com/philippines/mindoro/puerto-galera
york,https://www.lonelyplanet.com/england/yorkshire/york
placencia,https://www.lonelyplanet.com/belize/southern-belize/placencia
skopje,https://www.lonelyplanet.com/macedonia/skopje
jaisalmer,https://www.lonelyplanet.com/india/rajasthan/jaisalmer
tegucigalpa,https://www.lonelyplanet.com/honduras/tegucigalpa
newcastle,https://www.lonelyplanet.com/australia/new-south-wales/newcastle
ketchikan,https://www.lonelyplanet.com/usa/alaska/ketchikan
nelson,https://www.lonelyplanet.com/new-zealand/marlborough-and-nelson/nelson
sitka,https://www.lonelyplanet.com/usa/alaska/sitka
noosa,https://www.lonelyplanet.com/australia/queensland/noosa
cologne,https://www.lonelyplanet.com/germany/north-rhine-westphalia/cologne
hanga-roa,https://www.lonelyplanet.com/chile/hanga-roa
bozeman,https://www.lonelyplanet.com/usa/rocky-mountains/bozeman
jodhpur,https://www.lonelyplanet.com/india/rajasthan/jodhpur
dili,https://www.lonelyplanet.com/east-timor/dili
trabzon,https://www.lonelyplanet.com/turkey/the-black-sea-and-northeastern-anatolia/trabzon
providence,https://www.lonelyplanet.com/usa/new-england/providence
bristol,https://www.lonelyplanet.com/england/southwest-england/bristol
port-macquarie,https://www.lonelyplanet.com/australia/new-south-wales/port-macquarie
puducherry-pondicherry,https://www.lonelyplanet.com/india/tamil-nadu/puducherry-pondicherry
gaborone,https://www.lonelyplanet.com/botswana/gaborone
puno,https://www.lonelyplanet.com/peru/lake-titicaca/puno
khon-kaen,https://www.lonelyplanet.com/thailand/khon-kaen-and-roi-et-provinces/khon-kaen
pafos,https://www.lonelyplanet.com/cyprus/the-republic-of-cyprus/pafos
detroit,https://www.lonelyplanet.com/usa/great-lakes/detroit
samarkand,https://www.lonelyplanet.com/uzbekistan/central-uzbekistan/samarkand
puerto-escondido,https://www.lonelyplanet.com/mexico/oaxaca-state/puerto-escondido
zihuatanejo,https://www.lonelyplanet.com/mexico/central-pacific-coast/zihuatanejo
aqaba,https://www.lonelyplanet.com/jordan/petra-and-the-south/aqaba
rosario,https://www.lonelyplanet.com/argentina/northeast-argentina/rosario
kihei,https://www.lonelyplanet.com/usa/hawaii/kihei
nanjing,https://www.lonelyplanet.com/china/jiangsu/nanjing
male,https://www.lonelyplanet.com/maldives/male
tampere,https://www.lonelyplanet.com/finland/southwestern-finland/tampere
provincetown,https://www.lonelyplanet.com/usa/new-england/provincetown
puerto-princesa,https://www.lonelyplanet.com/philippines/palawan/puerto-princesa
morelia,https://www.lonelyplanet.com/mexico/western-central-highlands/morelia
rincon,https://www.lonelyplanet.com/puerto-rico/southern-and-western-puerto-rico/rincon
sedona,https://www.lonelyplanet.com/usa/southwest/sedona
panajachel,https://www.lonelyplanet.com/guatemala/the-highlands-lago-de-atitlan/panajachel
shimla,https://www.lonelyplanet.com/india/himachal-pradesh/shimla
ayacucho,https://www.lonelyplanet.com/peru/central-highlands/ayacucho
ayacucho,https://www.lonelyplanet.com/peru/central-highlands/ayacucho
cotonou,https://www.lonelyplanet.com/benin/cotonou
podgorica,https://www.lonelyplanet.com/montenegro/podgorica
brasov,https://www.lonelyplanet.com/romania/transylvania/brasov
asuncion,https://www.lonelyplanet.com/paraguay/asuncion
shiraz,https://www.lonelyplanet.com/iran/central-iran/shiraz
guanajuato,https://www.lonelyplanet.com/mexico/northern-central-highlands/guanajuato
belo-horizonte,https://www.lonelyplanet.com/brazil/the-southeast/belo-horizonte
bendigo,https://www.lonelyplanet.com/australia/victoria/bendigo
mombasa,https://www.lonelyplanet.com/kenya/the-coast/mombasa
yellowknife,https://www.lonelyplanet.com/canada/northwest-territories/yellowknife
cluj-napoca,https://www.lonelyplanet.com/romania/transylvania/cluj-napoca
mcleod-ganj,https://www.lonelyplanet.com/india/himachal-pradesh/mcleod-ganj
playa-tamarindo,https://www.lonelyplanet.com/costa-rica/peninsula-de-nicoya/playa-tamarindo
maun,https://www.lonelyplanet.com/botswana/northern-botswana/maun
taian,https://www.lonelyplanet.com/china/shandong/taian
xian,https://www.lonelyplanet.com/china/shaanxi-shanxi/xian
bern,https://www.lonelyplanet.com/switzerland/bern
st-louis,https://www.lonelyplanet.com/usa/great-plains/st-louis
liverpool,https://www.lonelyplanet.com/england/northwest-england/liverpool
belem,https://www.lonelyplanet.com/brazil/the-north/belem
tampa,https://www.lonelyplanet.com/usa/florida/tampa
mashhad,https://www.lonelyplanet.com/iran/northeastern-iran/mashhad
park-city,https://www.lonelyplanet.com/usa/southwest/park-city
birmingham,https://www.lonelyplanet.com/england/the-midlands/birmingham
mostar,https://www.lonelyplanet.com/bosnia-and-hercegovina/southern-bosnia-and-hercegovina/mostar
recife,https://www.lonelyplanet.com/brazil/the-northeast/recife
ubon-ratchathani,https://www.lonelyplanet.com/thailand/ubon-ratchathani-province/ubon-ratchathani
lagos,https://www.lonelyplanet.com/nigeria/lagos
moshi,https://www.lonelyplanet.com/tanzania/mount-kilimanjaro/moshi
san-ignacio-cayo,https://www.lonelyplanet.com/belize/western-belize/san-ignacio-cayo
chamonix,https://www.lonelyplanet.com/france/the-french-alps/chamonix
timisoara,https://www.lonelyplanet.com/romania/crisana-and-banat/timisoara
sibiu,https://www.lonelyplanet.com/romania/transylvania/sibiu
steamboat-springs,https://www.lonelyplanet.com/usa/colorado/steamboat-springs
pakse,https://www.lonelyplanet.com/laos/southern-laos/pakse
st-petersburg,https://www.lonelyplanet.com/usa/florida/st-petersburg
minneapolis,https://www.lonelyplanet.com/usa/great-lakes/minneapolis
nyaungshwe,https://www.lonelyplanet.com/myanmar-burma/nyaungshwe
patong,https://www.lonelyplanet.com/thailand/andaman-coast/patong
st-augustine,https://www.lonelyplanet.com/usa/florida/st-augustine
puerto-natales,https://www.lonelyplanet.com/chile/southern-patagonia/puerto-natales
playa-del-carmen,https://www.lonelyplanet.com/mexico/yucatan-peninsula/playa-del-carmen
honiara,https://www.lonelyplanet.com/solomon-islands/guadalcanal/honiara
bocas-del-toro,https://www.lonelyplanet.com/panama/bocas-del-toro
iasi,https://www.lonelyplanet.com/romania/moldavia/iasi
nuremberg,https://www.lonelyplanet.com/germany/bavaria/nuremberg
mammoth-lakes,https://www.lonelyplanet.com/usa/california/mammoth-lakes
arica,https://www.lonelyplanet.com/chile/northern-chile/arica
kunming,https://www.lonelyplanet.com/china/yunnan/kunming
pecs,https://www.lonelyplanet.com/hungary/south-central-hungary/pecs
kailua,https://www.lonelyplanet.com/usa/hawaii/kailua
lefkosa-north-nicosia,https://www.lonelyplanet.com/cyprus/north-cyprus/lefkosa-north-nicosia
turku,https://www.lonelyplanet.com/finland/south-coast/turku
sharm-el-sheikh-and-naama-bay,https://www.lonelyplanet.com/egypt/sinai/sharm-el-sheikh-and-naama-bay
braga,https://www.lonelyplanet.com/portugal/the-north/braga
zaragoza,https://www.lonelyplanet.com/spain/aragon-basque-country-and-navarra/zaragoza
monterey,https://www.lonelyplanet.com/usa/california/monterey
st-denis,https://www.lonelyplanet.com/reunion/st-denis
karakol,https://www.lonelyplanet.com/kyrgyzstan/lake-issyk-kol-and-the-central-tian-shan/karakol
paro,https://www.lonelyplanet.com/bhutan/western-bhutan/paro
gilgit-town,https://www.lonelyplanet.com/pakistan/karakoram-highway/gilgit-town
tianjin,https://www.lonelyplanet.com/china/tianjin
dalat,https://www.lonelyplanet.com/vietnam/dalat
zadar,https://www.lonelyplanet.com/croatia/dalmatia/zadar
toledo,https://www.lonelyplanet.com/spain/castilla-la-mancha/toledo
larnaka,https://www.lonelyplanet.com/cyprus/the-republic-of-cyprus/larnaka
vladivostok,https://www.lonelyplanet.com/russia/russian-far-east/vladivostok
leipzig,https://www.lonelyplanet.com/germany/saxony/leipzig
santander,https://www.lonelyplanet.com/spain/cantabria-asturias-and-galicia/santander
pyongyang,https://www.lonelyplanet.com/north-korea/pyongyang
whistler,https://www.lonelyplanet.com/canada/british-columbia/whistler
charlottetown,https://www.lonelyplanet.com/canada/prince-edward-island/charlottetown
sukhothai,https://www.lonelyplanet.com/thailand/sukhothai-province/sukhothai
hiroshima,https://www.lonelyplanet.com/japan/hiroshima
ballarat,https://www.lonelyplanet.com/australia/victoria/ballarat
montpellier,https://www.lonelyplanet.com/france/languedoc-roussillon/montpellier
tromso,https://www.lonelyplanet.com/norway/northern-norway/tromso
bayamo,https://www.lonelyplanet.com/cuba/bayamo
budva,https://www.lonelyplanet.com/montenegro/coastal-montenegro/budva
skagway,https://www.lonelyplanet.com/usa/alaska/skagway
manali,https://www.lonelyplanet.com/india/himachal-pradesh/manali
bath,https://www.lonelyplanet.com/england/southwest-england/bath
victoria-falls-town,https://www.lonelyplanet.com/zimbabwe/victoria-falls-town
lille,https://www.lonelyplanet.com/france/northern-france/lille
townsville,https://www.lonelyplanet.com/australia/queensland/townsville
gyeongju,https://www.lonelyplanet.com/south-korea/gyeongsangbuk-do/gyeongju
boquete,https://www.lonelyplanet.com/panama/chiriqui-province/boquete
georgetown,https://www.lonelyplanet.com/the-guianas/guyana/georgetown
chefchaouen,https://www.lonelyplanet.com/morocco/the-mediterranean-coast-and-the-rif/chefchaouen
yazd,https://www.lonelyplanet.com/iran/central-iran/yazd
stellenbosch,https://www.lonelyplanet.com/south-africa/stellenbosch
den-haag,https://www.lonelyplanet.com/the-netherlands/the-randstad/den-haag
palmerston-north,https://www.lonelyplanet.com/new-zealand/wanganui-and-palmerston-north/palmerston-north
brighton-and-hove,https://www.lonelyplanet.com/england/southeast-england/brighton-and-hove
breckenridge-and-around,https://www.lonelyplanet.com/usa/rocky-mountains/breckenridge-and-around
san-juan-del-sur,https://www.lonelyplanet.com/nicaragua/southwestern-nicaragua/san-juan-del-sur
mwanza,https://www.lonelyplanet.com/tanzania/northern-tanzania/mwanza
linz,https://www.lonelyplanet.com/austria/the-danube-valley/linz
willemstad,https://www.lonelyplanet.com/aruba-bonaire-and-curacao/curacao/willemstad
lae,https://www.lonelyplanet.com/papua-new-guinea/morobe-and-madang-provinces/lae
george-town-seven-mile-beach,https://www.lonelyplanet.com/cayman-islands/george-town-seven-mile-beach
fort-lauderdale,https://www.lonelyplanet.com/usa/florida/fort-lauderdale
bend,https://www.lonelyplanet.com/usa/oregon/bend
khajuraho,https://www.lonelyplanet.com/india/madhya-pradesh-and-chhattisgarh/khajuraho
lagos,https://www.lonelyplanet.com/portugal/the-algarve/lagos
las-terrenas,https://www.lonelyplanet.com/dominican-republic/peninsula-de-samana/las-terrenas
gangtok,https://www.lonelyplanet.com/india/sikkim/gangtok
veracruz,https://www.lonelyplanet.com/mexico/central-gulf-coast/veracruz
srinagar,https://www.lonelyplanet.com/india/jammu-and-kashmir/srinagar
chandigarh,https://www.lonelyplanet.com/india/punjab-and-haryana/chandigarh
disneyland-and-anaheim,https://www.lonelyplanet.com/usa/california/disneyland-and-anaheim
coffs-harbour,https://www.lonelyplanet.com/australia/new-south-wales/coffs-harbour
santa-clara,https://www.lonelyplanet.com/cuba/central-cuba/santa-clara
miri,https://www.lonelyplanet.com/malaysia/malaysian-borneo-sarawak/miri
varna,https://www.lonelyplanet.com/bulgaria/black-sea-coast/varna
colorado-springs,https://www.lonelyplanet.com/usa/rocky-mountains/colorado-springs
avarua,https://www.lonelyplanet.com/the-cook-islands/avarua
harar,https://www.lonelyplanet.com/ethiopia/eastern-ethiopia/harar
haines,https://www.lonelyplanet.com/usa/alaska/haines
fortaleza,https://www.lonelyplanet.com/brazil/the-northeast/fortaleza
peshawar,https://www.lonelyplanet.com/pakistan/north-west-frontier-province/peshawar
puebla,https://www.lonelyplanet.com/mexico/east-of-mexico-city/puebla
lodz,https://www.lonelyplanet.com/poland/lodz
amritsar,https://www.lonelyplanet.com/india/punjab-and-haryana/amritsar
aksum,https://www.lonelyplanet.com/ethiopia/northern-ethiopia/aksum
campeche,https://www.lonelyplanet.com/mexico/yucatan-peninsula/campeche
livingstone,https://www.lonelyplanet.com/zambia/livingstone
newport-beach,https://www.lonelyplanet.com/usa/california/newport-beach
tulum,https://www.lonelyplanet.com/mexico/yucatan-peninsula/tulum
dusseldorf,https://www.lonelyplanet.com/germany/north-rhine-westphalia/dusseldorf
port-elizabeth,https://www.lonelyplanet.com/south-africa/port-elizabeth
taos,https://www.lonelyplanet.com/usa/southwest/taos
nuku-alofa,https://www.lonelyplanet.com/tonga/nuku-alofa
guwahati,https://www.lonelyplanet.com/india/northeast-states/guwahati
cajamarca,https://www.lonelyplanet.com/peru/northern-highlands/cajamarca
iloilo,https://www.lonelyplanet.com/philippines/the-visayas/iloilo
anuradhapura,https://www.lonelyplanet.com/sri-lanka/the-ancient-cities/anuradhapura
riyadh,https://www.lonelyplanet.com/saudi-arabia/riyadh
cannes,https://www.lonelyplanet.com/france/cote-dazur/cannes
heidelberg,https://www.lonelyplanet.com/germany/baden-wurttemberg/heidelberg
sapporo,https://www.lonelyplanet.com/japan/hokkaido/sapporo
veliko-tarnovo,https://www.lonelyplanet.com/bulgaria/central-balkans/veliko-tarnovo
airlie-beach,https://www.lonelyplanet.com/australia/queensland/airlie-beach
nara,https://www.lonelyplanet.com/japan/kansai/nara
libreville,https://www.lonelyplanet.com/gabon/libreville
durango,https://www.lonelyplanet.com/usa/rocky-mountains/durango
bissau,https://www.lonelyplanet.com/guinea-bissau/bissau
quetta,https://www.lonelyplanet.com/pakistan/balochistan/quetta
aix-en-provence,https://www.lonelyplanet.com/france/provence/aix-en-provence
lucerne,https://www.lonelyplanet.com/switzerland/central-switzerland-and-berner-oberland/lucerne
cleveland,https://www.lonelyplanet.com/usa/great-lakes/cleveland
beppu,https://www.lonelyplanet.com/japan/kyushu/beppu
richmond,https://www.lonelyplanet.com/usa/virginia/richmond
wanganui,https://www.lonelyplanet.com/new-zealand/wanganui-and-palmerston-north/wanganui
aberdeen,https://www.lonelyplanet.com/scotland/central-scotland/aberdeen
wanganui,https://www.lonelyplanet.com/new-zealand/wanganui-and-palmerston-north/wanganui
yekaterinburg,https://www.lonelyplanet.com/russia/the-urals/yekaterinburg
st-tropez,https://www.lonelyplanet.com/france/st-tropez
kanazawa,https://www.lonelyplanet.com/japan/central-honshu/kanazawa
copacabana,https://www.lonelyplanet.com/bolivia/lake-titicaca/copacabana
almeria,https://www.lonelyplanet.com/spain/andalucia/almeria
maseru,https://www.lonelyplanet.com/lesotho/maseru
hvar-island,https://www.lonelyplanet.com/croatia/dalmatia/hvar-island
saskatoon,https://www.lonelyplanet.com/canada/saskatchewan/saskatoon
sanliurfa-urfa,https://www.lonelyplanet.com/turkey/the-black-sea-and-northeastern-anatolia/sanliurfa-urfa
telluride,https://www.lonelyplanet.com/usa/rocky-mountains/telluride
udon-thani,https://www.lonelyplanet.com/thailand/udon-thani-province/udon-thani
leeds,https://www.lonelyplanet.com/england/yorkshire/leeds
coron-town,https://www.lonelyplanet.com/philippines/coron-town
faro,https://www.lonelyplanet.com/portugal/the-algarve/faro
lemesos-limasol,https://www.lonelyplanet.com/cyprus/the-republic-of-cyprus/lemesos-limasol
hastings-and-around,https://www.lonelyplanet.com/new-zealand/the-east-coast/hastings-and-around
jeju-si,https://www.lonelyplanet.com/south-korea/jejudo/jeju-si
potosi,https://www.lonelyplanet.com/bolivia/the-southwest/potosi
taormina,https://www.lonelyplanet.com/italy/sicily/taormina
puerto-madryn,https://www.lonelyplanet.com/argentina/patagonia/puerto-madryn
rishikesh,https://www.lonelyplanet.com/india/uttarakhand-uttaranchal/rishikesh
valdez,https://www.lonelyplanet.com/usa/alaska/valdez
iquique,https://www.lonelyplanet.com/chile/northern-chile/iquique
shenzhen,https://www.lonelyplanet.com/china/guangdong/shenzhen
piran,https://www.lonelyplanet.com/slovenia/karst-and-coast/piran
bergamo,https://www.lonelyplanet.com/italy/lombardy-and-the-lakes/bergamo
luganville,https://www.lonelyplanet.com/vanuatu/espiritu-santo/luganville
monterrey,https://www.lonelyplanet.com/mexico/northeast-mexico/monterrey
sacramento,https://www.lonelyplanet.com/usa/california/sacramento
belmopan,https://www.lonelyplanet.com/belize/western-belize/belmopan
hampi,https://www.lonelyplanet.com/india/karnataka/hampi
tijuana,https://www.lonelyplanet.com/mexico/baja-california/tijuana
hale-iwa,https://www.lonelyplanet.com/usa/hawaii/hale-iwa
mae-hong-son,https://www.lonelyplanet.com/thailand/mae-hong-son-province/mae-hong-son
paramaribo,https://www.lonelyplanet.com/the-guianas/suriname/paramaribo
brno,https://www.lonelyplanet.com/czech-republic/moravia/brno
monrovia,https://www.lonelyplanet.com/liberia/monrovia
phillip-island,https://www.lonelyplanet.com/australia/victoria/phillip-island
puerto-viejo-de-talamanca,https://www.lonelyplanet.com/costa-rica/caribbean-coast/puerto-viejo-de-talamanca
nouakchott,https://www.lonelyplanet.com/mauritania/nouakchott
lugano,https://www.lonelyplanet.com/switzerland/ticino/lugano
chiclayo,https://www.lonelyplanet.com/peru/north-coast/chiclayo
batumi,https://www.lonelyplanet.com/georgia/adjara/batumi
davao,https://www.lonelyplanet.com/philippines/davao
lausanne,https://www.lonelyplanet.com/switzerland/lake-geneva-region/lausanne
kilkenny-city,https://www.lonelyplanet.com/ireland/county-kilkenny/kilkenny-city
sanur,https://www.lonelyplanet.com/indonesia/bali/sanur
kilkenny-city,https://www.lonelyplanet.com/ireland/county-kilkenny/kilkenny-city
maastricht,https://www.lonelyplanet.com/the-netherlands/the-southeast/maastricht
labuanbajo,https://www.lonelyplanet.com/indonesia/nusa-tenggara/labuanbajo
colmar,https://www.lonelyplanet.com/france/colmar
lome,https://www.lonelyplanet.com/togo/lome
namur,https://www.lonelyplanet.com/belgium/wallonia/namur
hamilton,https://www.lonelyplanet.com/new-zealand/waikato-and-the-king-country/hamilton
puerto-de-la-cruz,https://www.lonelyplanet.com/canary-islands/tenerife/puerto-de-la-cruz
torun,https://www.lonelyplanet.com/poland/pomerania/torun
sonoma,https://www.lonelyplanet.com/usa/california/sonoma
brazzaville,https://www.lonelyplanet.com/congo/brazzaville
pushkar,https://www.lonelyplanet.com/india/rajasthan/pushkar
coyhaique,https://www.lonelyplanet.com/chile/northern-patagonia/coyhaique
gili-trawangan,https://www.lonelyplanet.com/indonesia/gili-trawangan
agrigento,https://www.lonelyplanet.com/italy/sicily/agrigento
petra-and-wadi-musa,https://www.lonelyplanet.com/jordan/petra-and-the-south/petra-and-wadi-musa
lalibela,https://www.lonelyplanet.com/ethiopia/northern-ethiopia/lalibela
arles,https://www.lonelyplanet.com/france/provence/arles
nantucket-town,https://www.lonelyplanet.com/usa/massachusetts/nantucket-town
new-haven,https://www.lonelyplanet.com/usa/new-england/new-haven
hualien,https://www.lonelyplanet.com/taiwan/east-coast/hualien
huntington-beach,https://www.lonelyplanet.com/usa/california/huntington-beach
ouro-preto,https://www.lonelyplanet.com/brazil/the-southeast/ouro-preto
lecce,https://www.lonelyplanet.com/italy/puglia/lecce
meknes,https://www.lonelyplanet.com/morocco/the-mediterranean-coast-and-the-rif/meknes
nottingham,https://www.lonelyplanet.com/england/the-midlands/nottingham
hervey-bay,https://www.lonelyplanet.com/australia/queensland/hervey-bay
taichung,https://www.lonelyplanet.com/taiwan/western-taiwan/taichung
san-pedro-de-atacama,https://www.lonelyplanet.com/chile/northern-chile/san-pedro-de-atacama
klaipeda,https://www.lonelyplanet.com/lithuania/western-lithuania/klaipeda
kelowna,https://www.lonelyplanet.com/canada/british-columbia/kelowna
nakhon-ratchasima-khorat,https://www.lonelyplanet.com/thailand/nakhon-ratchasima-province/nakhon-ratchasima-khorat
whitehorse,https://www.lonelyplanet.com/canada/yukon-territory/whitehorse
chongqing,https://www.lonelyplanet.com/china/chongqing
groningen-city,https://www.lonelyplanet.com/the-netherlands/the-north-and-east/groningen-city
caceres,https://www.lonelyplanet.com/spain/extremadura/caceres
uppsala,https://www.lonelyplanet.com/sweden/svealand/uppsala
paraty,https://www.lonelyplanet.com/brazil/the-southeast/paraty
puerto-varas,https://www.lonelyplanet.com/chile/the-lakes-district/puerto-varas
algiers,https://www.lonelyplanet.com/algeria/algiers
polonnaruwa,https://www.lonelyplanet.com/sri-lanka/the-ancient-cities/polonnaruwa
szeged,https://www.lonelyplanet.com/hungary/southeastern-hungary/szeged
viana-do-castelo,https://www.lonelyplanet.com/portugal/the-north/viana-do-castelo
nancy,https://www.lonelyplanet.com/france/alsace-and-lorraine/nancy
chittagong,https://www.lonelyplanet.com/bangladesh/chittagong-division/chittagong
medan,https://www.lonelyplanet.com/indonesia/sumatra/medan
sancti-spiritus,https://www.lonelyplanet.com/cuba/sancti-spiritus
orange,https://www.lonelyplanet.com/australia/new-south-wales/orange
orange,https://www.lonelyplanet.com/australia/new-south-wales/orange
gonder,https://www.lonelyplanet.com/ethiopia/northern-ethiopia/gonder
bhubaneswar,https://www.lonelyplanet.com/india/orissa/bhubaneswar
dijon,https://www.lonelyplanet.com/france/burgundy-and-the-rhone/dijon
matanzas,https://www.lonelyplanet.com/cuba/matanzas
mawlamyine,https://www.lonelyplanet.com/myanmar-burma/mawlamyine
las-tunas,https://www.lonelyplanet.com/cuba/las-tunas
skiathos-town,https://www.lonelyplanet.com/greece/skiathos-town
kuala-terengganu,https://www.lonelyplanet.com/malaysia/peninsular-malaysia-east-coast/kuala-terengganu
danang,https://www.lonelyplanet.com/vietnam/central-vietnam/danang
puerto-montt,https://www.lonelyplanet.com/chile/the-lakes-district/puerto-montt
kerman,https://www.lonelyplanet.com/iran/southeastern-iran/kerman
oruro,https://www.lonelyplanet.com/bolivia/the-southwest/oruro
st-george,https://www.lonelyplanet.com/usa/utah/st-george
healdsburg,https://www.lonelyplanet.com/usa/california/healdsburg
agios-nikolaos,https://www.lonelyplanet.com/greece/crete/agios-nikolaos
guimaraes,https://www.lonelyplanet.com/portugal/guimaraes
hat-chaweng,https://www.lonelyplanet.com/thailand/hat-chaweng
haerbin,https://www.lonelyplanet.com/china/heilongjiang/haerbin
hora-naxos,https://www.lonelyplanet.com/greece/hora-naxos
salamanca,https://www.lonelyplanet.com/spain/castilla-y-leon/salamanca
hydra-town,https://www.lonelyplanet.com/greece/hydra-town
novi-sad,https://www.lonelyplanet.com/serbia/vojvodina/novi-sad
jaffna,https://www.lonelyplanet.com/sri-lanka/jaffna-and-the-north/jaffna
jaffna,https://www.lonelyplanet.com/sri-lanka/jaffna-and-the-north/jaffna
wailua,https://www.lonelyplanet.com/usa/hawaii/wailua
blenheim,https://www.lonelyplanet.com/new-zealand/marlborough-and-nelson/blenheim
sintra,https://www.lonelyplanet.com/portugal/lisbon/sintra
laguna-beach,https://www.lonelyplanet.com/usa/california/laguna-beach
st-pierre,https://www.lonelyplanet.com/reunion/st-pierre
surfers-paradise,https://www.lonelyplanet.com/australia/queensland/surfers-paradise
colonia-del-sacramento,https://www.lonelyplanet.com/uruguay/western-uruguay/colonia-del-sacramento
ponce,https://www.lonelyplanet.com/puerto-rico/southern-and-western-puerto-rico/ponce
victoria-rabat,https://www.lonelyplanet.com/malta/victoria-rabat
canakkale,https://www.lonelyplanet.com/turkey/aegean-coast/canakkale
dawson-city,https://www.lonelyplanet.com/canada/yukon-territory/dawson-city
kars,https://www.lonelyplanet.com/turkey/the-black-sea-and-northeastern-anatolia/kars
nong-khai,https://www.lonelyplanet.com/thailand/nong-khai-province/nong-khai
dawson-city,https://www.lonelyplanet.com/canada/yukon-territory/dawson-city
santiago,https://www.lonelyplanet.com/dominican-republic/santiago
geraldton,https://www.lonelyplanet.com/australia/western-australia/geraldton
leon,https://www.lonelyplanet.com/spain/castilla-y-leon/leon
parma,https://www.lonelyplanet.com/italy/emilia-romagna-and-san-marino/parma
livorno,https://www.lonelyplanet.com/italy/tuscany/livorno
baracoa,https://www.lonelyplanet.com/cuba/eastern-cuba/baracoa
bujumbura,https://www.lonelyplanet.com/burundi/bujumbura
princeville,https://www.lonelyplanet.com/usa/hawaii/princeville
rovaniemi,https://www.lonelyplanet.com/finland/lapland/rovaniemi
rovaniemi,https://www.lonelyplanet.com/finland/lapland/rovaniemi
pula,https://www.lonelyplanet.com/croatia/istria/pula
ioannina,https://www.lonelyplanet.com/greece/northern-greece/ioannina
sao-luis,https://www.lonelyplanet.com/brazil/the-northeast/sao-luis
tarapoto,https://www.lonelyplanet.com/peru/northern-highlands/tarapoto
sapa,https://www.lonelyplanet.com/vietnam/northwest-vietnam/sapa
victoria,https://www.lonelyplanet.com/seychelles/mahe/victoria
west-yellowstone,https://www.lonelyplanet.com/usa/montana/west-yellowstone
osh,https://www.lonelyplanet.com/kyrgyzstan/bishkek-to-osh-and-the-kyrgyz-fergana-valley/osh
san-luis-obispo,https://www.lonelyplanet.com/usa/california/san-luis-obispo
kalimpong,https://www.lonelyplanet.com/india/west-bengal/kalimpong
springdale,https://www.lonelyplanet.com/usa/utah/springdale
kalimpong,https://www.lonelyplanet.com/india/west-bengal/kalimpong
la-serena,https://www.lonelyplanet.com/chile/northern-chile/la-serena
urgup,https://www.lonelyplanet.com/turkey/cappadocia-kapadokya/urgup
mal-pais-and-santa-teresa,https://www.lonelyplanet.com/costa-rica/peninsula-de-nicoya/mal-pais-and-santa-teresa
iqaluit,https://www.lonelyplanet.com/canada/iqaluit
port-antonio,https://www.lonelyplanet.com/jamaica/northern-jamaica/port-antonio
alanya,https://www.lonelyplanet.com/turkey/mediterranean-coast/alanya
kerobokan,https://www.lonelyplanet.com/indonesia/kerobokan
rijeka,https://www.lonelyplanet.com/croatia/gulf-of-kvarner/rijeka
grand-baie,https://www.lonelyplanet.com/mauritius/north-mauritius/grand-baie
stavanger,https://www.lonelyplanet.com/norway/bergen-and-the-western-fjords/stavanger
khiva,https://www.lonelyplanet.com/uzbekistan/khorezm/khiva
khiva,https://www.lonelyplanet.com/uzbekistan/khorezm/khiva
xalapa,https://www.lonelyplanet.com/mexico/central-gulf-coast/xalapa
kyrenia-girne-and-the-northcoast,https://www.lonelyplanet.com/cyprus/north-cyprus/kyrenia-girne-and-the-northcoast
thiruvananthapuram-trivandrum,https://www.lonelyplanet.com/india/kerala/thiruvananthapuram-trivandrum
kalaw,https://www.lonelyplanet.com/myanmar-burma/inle-lake-and-shan-state/kalaw
jeonju,https://www.lonelyplanet.com/south-korea/jeollabuk-do/jeonju
spokane,https://www.lonelyplanet.com/usa/washington/spokane
tarifa,https://www.lonelyplanet.com/spain/andalucia/tarifa
punta-del-este,https://www.lonelyplanet.com/uruguay/eastern-uruguay/punta-del-este
cilaos,https://www.lonelyplanet.com/reunion/the-cirques/cilaos
takayama,https://www.lonelyplanet.com/japan/central-honshu/takayama
pucon,https://www.lonelyplanet.com/chile/the-lakes-district/pucon
parnu,https://www.lonelyplanet.com/estonia/southwestern-estonia-and-the-islands/parnu
sighisoara,https://www.lonelyplanet.com/romania/transylvania/sighisoara
nafplio,https://www.lonelyplanet.com/greece/the-peloponnese/nafplio
mar-del-plata,https://www.lonelyplanet.com/argentina/atlantic-coast/mar-del-plata
trier,https://www.lonelyplanet.com/germany/rhineland-palatinate/trier
lubeck,https://www.lonelyplanet.com/germany/schleswig-holstein/lubeck
reno,https://www.lonelyplanet.com/usa/southwest/reno
asheville,https://www.lonelyplanet.com/usa/the-south/asheville
reims,https://www.lonelyplanet.com/france/champagne/reims
conakry,https://www.lonelyplanet.com/guinea/conakry
la-laguna,https://www.lonelyplanet.com/canary-islands/tenerife/la-laguna
daegu,https://www.lonelyplanet.com/south-korea/gyeongsangbuk-do/daegu
kagoshima,https://www.lonelyplanet.com/japan/kyushu/kagoshima
otavalo,https://www.lonelyplanet.com/ecuador/northern-highlands/otavalo
pisa,https://www.lonelyplanet.com/italy/tuscany/pisa
cafayate,https://www.lonelyplanet.com/argentina/northwest-argentina/cafayate
popayan,https://www.lonelyplanet.com/colombia/southwest-colombia/popayan
petersburg,https://www.lonelyplanet.com/usa/alaska/petersburg
kaikoura,https://www.lonelyplanet.com/new-zealand/marlborough-and-nelson/kaikoura
pontianak,https://www.lonelyplanet.com/indonesia/kalimantan/pontianak
kota-bharu,https://www.lonelyplanet.com/malaysia/peninsular-malaysia-east-coast/kota-bharu
brest,https://www.lonelyplanet.com/belarus/brest
kodaikanal-kodai,https://www.lonelyplanet.com/india/tamil-nadu/kodaikanal-kodai
yokohama,https://www.lonelyplanet.com/japan/south-of-tokyo/yokohama
freiburg,https://www.lonelyplanet.com/germany/black-forest/freiburg
baguio,https://www.lonelyplanet.com/philippines/north-luzon/baguio
cascais,https://www.lonelyplanet.com/portugal/lisbon/cascais
johor-bahru,https://www.lonelyplanet.com/malaysia/peninsular-malaysia-east-coast/johor-bahru
madang,https://www.lonelyplanet.com/papua-new-guinea/morobe-and-madang-provinces/madang
nuuk-town-godthab,https://www.lonelyplanet.com/greenland/nuuk-town-godthab
piura,https://www.lonelyplanet.com/peru/north-coast/piura
lucca,https://www.lonelyplanet.com/italy/tuscany/lucca
novosibirsk,https://www.lonelyplanet.com/russia/siberia/novosibirsk
esteli,https://www.lonelyplanet.com/nicaragua/northern-nicaragua/esteli
birmingham,https://www.lonelyplanet.com/usa/the-south/birmingham
la-paz,https://www.lonelyplanet.com/mexico/baja-california/la-paz
punta-gorda,https://www.lonelyplanet.com/belize/southern-belize/punta-gorda
tauranga,https://www.lonelyplanet.com/new-zealand/rotorua-and-the-bay-of-plenty/tauranga
porto-alegre,https://www.lonelyplanet.com/brazil/the-south/porto-alegre
bellingham,https://www.lonelyplanet.com/usa/washington/bellingham
zacatecas,https://www.lonelyplanet.com/mexico/northern-central-highlands/zacatecas
uyuni,https://www.lonelyplanet.com/bolivia/the-southwest/uyuni
interlaken,https://www.lonelyplanet.com/switzerland/central-switzerland-and-berner-oberland/interlaken
jerez-de-la-frontera,https://www.lonelyplanet.com/spain/andalucia/jerez-de-la-frontera
rovinj,https://www.lonelyplanet.com/croatia/istria/rovinj
ciudad-bolivar,https://www.lonelyplanet.com/venezuela/ciudad-bolivar
varkala,https://www.lonelyplanet.com/india/kerala/varkala
annecy,https://www.lonelyplanet.com/france/the-french-alps/annecy
mildura,https://www.lonelyplanet.com/australia/victoria/mildura
mamallapuram-mahabalipuram,https://www.lonelyplanet.com/india/tamil-nadu/mamallapuram-mahabalipuram
lampang,https://www.lonelyplanet.com/thailand/lampang-province/lampang
indianapolis,https://www.lonelyplanet.com/usa/great-lakes/indianapolis
west-palm-beach,https://www.lonelyplanet.com/usa/florida/west-palm-beach
weimar,https://www.lonelyplanet.com/germany/thuringia/weimar
segovia,https://www.lonelyplanet.com/spain/castilla-y-leon/segovia
buffalo,https://www.lonelyplanet.com/usa/new-york-state/buffalo
ouagadougou,https://www.lonelyplanet.com/burkina-faso/ouagadougou
milwaukee,https://www.lonelyplanet.com/usa/wisconsin/milwaukee
curitiba,https://www.lonelyplanet.com/brazil/the-south/curitiba
kazan,https://www.lonelyplanet.com/russia/volga-region/kazan
rimini,https://www.lonelyplanet.com/italy/emilia-romagna-and-san-marino/rimini
semarang,https://www.lonelyplanet.com/indonesia/semarang
tavira,https://www.lonelyplanet.com/portugal/the-algarve/tavira
makassar-ujung-padang,https://www.lonelyplanet.com/indonesia/sulawesi/makassar-ujung-padang
rurrenabaque,https://www.lonelyplanet.com/bolivia/the-amazon-basin/rurrenabaque
napa,https://www.lonelyplanet.com/usa/california/napa
la-coruna,https://www.lonelyplanet.com/spain/cantabria-asturias-and-galicia/la-coruna
knysna,https://www.lonelyplanet.com/south-africa/knysna
ulm,https://www.lonelyplanet.com/germany/baden-wurttemberg/ulm
chiayi,https://www.lonelyplanet.com/taiwan/western-taiwan/chiayi
taunggyi,https://www.lonelyplanet.com/myanmar-burma/taunggyi
sen-monorom,https://www.lonelyplanet.com/cambodia/northeastern-cambodia/sen-monorom
bolzano,https://www.lonelyplanet.com/italy/trentino-alto-adige/bolzano
ostend,https://www.lonelyplanet.com/belgium/ostend
maribor,https://www.lonelyplanet.com/slovenia/maribor
puerto-iguazu,https://www.lonelyplanet.com/argentina/northeast-argentina/puerto-iguazu
te-anau,https://www.lonelyplanet.com/new-zealand/fiordland-and-southland/te-anau
agia-napa,https://www.lonelyplanet.com/cyprus/the-republic-of-cyprus/agia-napa
grenoble,https://www.lonelyplanet.com/france/the-french-alps/grenoble
daytona-beach,https://www.lonelyplanet.com/usa/florida/daytona-beach
playa-samara,https://www.lonelyplanet.com/costa-rica/peninsula-de-nicoya/playa-samara
mae-sot,https://www.lonelyplanet.com/thailand/tak-province/mae-sot
burgas,https://www.lonelyplanet.com/bulgaria/black-sea-coast/burgas
mindelo,https://www.lonelyplanet.com/cabo-verde/mindelo
bahir-dar,https://www.lonelyplanet.com/ethiopia/northern-ethiopia/bahir-dar
sassari,https://www.lonelyplanet.com/italy/sardinia/sassari
shillong,https://www.lonelyplanet.com/india/northeast-states/shillong
kecskemet,https://www.lonelyplanet.com/hungary/southeastern-hungary/kecskemet
ulan-ude,https://www.lonelyplanet.com/russia/siberia/ulan-ude
port-blair,https://www.lonelyplanet.com/india/andaman-and-nicobar-islands/port-blair
natal,https://www.lonelyplanet.com/brazil/the-northeast/natal
corpus-christi,https://www.lonelyplanet.com/usa/texas/corpus-christi
amasya,https://www.lonelyplanet.com/turkey/central-anatolia/amasya
toamasina-tamatave,https://www.lonelyplanet.com/madagascar/eastern-madagascar/toamasina-tamatave
heimaey,https://www.lonelyplanet.com/iceland/heimaey
ferrara,https://www.lonelyplanet.com/italy/emilia-romagna-and-san-marino/ferrara
oulu,https://www.lonelyplanet.com/finland/north-central-finland/oulu
matagalpa,https://www.lonelyplanet.com/nicaragua/northern-nicaragua/matagalpa
isafjordur,https://www.lonelyplanet.com/iceland/isafjordur
erfurt,https://www.lonelyplanet.com/germany/thuringia/erfurt
mancora,https://www.lonelyplanet.com/peru/north-coast/mancora
swansea-abertawe,https://www.lonelyplanet.com/wales/south-wales/swansea-abertawe
el-valle,https://www.lonelyplanet.com/panama/the-interior/el-valle
dingle,https://www.lonelyplanet.com/ireland/county-kerry/dingle
krasnoyarsk,https://www.lonelyplanet.com/russia/siberia/krasnoyarsk
ptuj,https://www.lonelyplanet.com/slovenia/ptuj
loja,https://www.lonelyplanet.com/ecuador/the-southern-highlands/loja
knoxville,https://www.lonelyplanet.com/usa/tennessee/knoxville
charlotte,https://www.lonelyplanet.com/usa/the-south/charlotte
ragusa,https://www.lonelyplanet.com/italy/sicily/ragusa
puerto-maldonado,https://www.lonelyplanet.com/peru/amazon-basin/puerto-maldonado
calistoga,https://www.lonelyplanet.com/usa/california/calistoga
mariehamn,https://www.lonelyplanet.com/finland/aland/mariehamn
kos-town,https://www.lonelyplanet.com/greece/kos-town
bari,https://www.lonelyplanet.com/italy/puglia/bari
nan,https://www.lonelyplanet.com/thailand/nan-province/nan
torshavn,https://www.lonelyplanet.com/faroe-islands/torshavn
ooty-udhagamandalam,https://www.lonelyplanet.com/india/tamil-nadu/ooty-udhagamandalam
sochi,https://www.lonelyplanet.com/russia/russian-caucasus/sochi
fort-de-france,https://www.lonelyplanet.com/martinique/fort-de-france
kansas-city,https://www.lonelyplanet.com/usa/great-plains/kansas-city
matsumoto,https://www.lonelyplanet.com/japan/central-honshu/matsumoto
regensburg,https://www.lonelyplanet.com/germany/bavaria/regensburg
veliky-novgorod,https://www.lonelyplanet.com/russia/veliky-novgorod
oviedo,https://www.lonelyplanet.com/spain/asturias/oviedo
sopron,https://www.lonelyplanet.com/hungary/northwestern-hungary/sopron
tomsk,https://www.lonelyplanet.com/russia/siberia/tomsk
aalborg,https://www.lonelyplanet.com/denmark/jutland/aalborg
murmansk,https://www.lonelyplanet.com/russia/northern-european-russia/murmansk
kahului,https://www.lonelyplanet.com/usa/hawaii/kahului
waimea-kamuela,https://www.lonelyplanet.com/usa/hawaii/waimea-kamuela
hargeisa,https://www.lonelyplanet.com/somaliland-puntland-and-somalia/somaliland/hargeisa
kovalam,https://www.lonelyplanet.com/india/kerala/kovalam
celje,https://www.lonelyplanet.com/slovenia/celje
roseau,https://www.lonelyplanet.com/dominica/roseau
puerto-plata,https://www.lonelyplanet.com/dominican-republic/puerto-plata
safranbolu,https://www.lonelyplanet.com/turkey/central-anatolia/safranbolu
alappuzha-alleppey,https://www.lonelyplanet.com/india/kerala/alappuzha-alleppey
naha,https://www.lonelyplanet.com/japan/okinawa-and-the-southwest-islands/naha
merida,https://www.lonelyplanet.com/spain/extremadura/merida
dumaguete,https://www.lonelyplanet.com/philippines/the-visayas/dumaguete
montepulciano,https://www.lonelyplanet.com/italy/tuscany/montepulciano
la-jolla,https://www.lonelyplanet.com/usa/california/san-diego/la-jolla-north-county-coast/la-jolla
sarasota,https://www.lonelyplanet.com/usa/florida/sarasota
